Project,Bug_ID,Target_Class,Budget_Sec,Line_Cov_Mean_%,Line_Cov_SD_%,Branch_Cov_Mean_%,Branch_Cov_SD_%,Mutation_Score_Mean_%,Mutation_Score_SD_%,Avg_Duration_Sec,Best_Seed
JacksonXml,1,com.fasterxml.jackson.dataformat.xml.deser.FromXmlParser,30,2.52,0.0,2.52,0.0,0.0,0.0,44.26,101
JacksonXml,1,com.fasterxml.jackson.dataformat.xml.deser.FromXmlParser,60,2.52,0.0,2.52,0.0,0.0,0.0,74.39,101
JacksonXml,1,com.fasterxml.jackson.dataformat.xml.deser.FromXmlParser,120,2.52,0.0,2.52,0.0,0.0,0.0,132.68,101
JacksonXml,2,com.fasterxml.jackson.dataformat.xml.deser.XmlTokenStream,30,2.17,0.0,2.17,0.0,0.0,0.0,41.85,101
JacksonXml,2,com.fasterxml.jackson.dataformat.xml.deser.XmlTokenStream,60,19.18,29.46,19.18,29.46,0.0,0.0,73.78,101
Csv,1,org.apache.commons.csv.ExtendedBufferedReader,30,77.29,0.0,77.29,0.0,0.0,0.0,38.99,101
Csv,9,org.apache.commons.csv.CSVRecord,30,97.1,0.0,97.1,0.0,0.0,0.0,41.56,101
Csv,1,org.apache.commons.csv.ExtendedBufferedReader,60,77.29,0.0,77.29,0.0,0.0,0.0,68.77,101
Csv,9,org.apache.commons.csv.CSVRecord,60,97.1,0.0,97.1,0.0,0.0,0.0,72.16,101
JacksonXml,2,com.fasterxml.jackson.dataformat.xml.deser.XmlTokenStream,120,2.17,0.0,2.17,0.0,0.0,0.0,134.55,101
JacksonXml,3,com.fasterxml.jackson.dataformat.xml.deser.FromXmlParser,30,2.51,0.0,2.51,0.0,0.0,0.0,48.92,101
Csv,1,org.apache.commons.csv.ExtendedBufferedReader,120,77.29,0.0,77.29,0.0,0.0,0.0,130.33,101
Csv,9,org.apache.commons.csv.CSVRecord,120,97.1,0.0,97.1,0.0,0.0,0.0,133.17,101
Csv,2,org.apache.commons.csv.CSVRecord,30,100.0,0.0,100.0,0.0,0.0,0.0,41.21,101
JacksonXml,3,com.fasterxml.jackson.dataformat.xml.deser.FromXmlParser,60,2.51,0.0,2.51,0.0,0.0,0.0,76.32,101
Csv,10,org.apache.commons.csv.CSVPrinter,30,84.58,3.47,84.58,3.47,0.0,0.0,52.33,102
Csv,2,org.apache.commons.csv.CSVRecord,60,100.0,0.0,100.0,0.0,0.0,0.0,71.38,101
Csv,10,org.apache.commons.csv.CSVPrinter,60,81.18,12.87,81.18,12.87,0.0,0.0,81.51,102
JacksonXml,3,com.fasterxml.jackson.dataformat.xml.deser.FromXmlParser,120,2.51,0.0,2.51,0.0,0.0,0.0,136.34,101
Csv,2,org.apache.commons.csv.CSVRecord,120,100.0,0.0,100.0,0.0,0.0,0.0,131.34,101
JacksonXml,4,com.fasterxml.jackson.dataformat.xml.ser.XmlSerializerProvider,30,50.01,0.83,50.01,0.83,0.0,0.0,67.21,102
Csv,10,org.apache.commons.csv.CSVPrinter,120,90.27,3.36,90.27,3.36,0.0,0.0,142.72,101
Csv,3,org.apache.commons.csv.Lexer,30,97.58,0.0,97.58,0.0,0.0,0.0,49.29,101
Csv,11,org.apache.commons.csv.CSVParser,30,61.31,5.11,61.31,5.11,0.0,0.0,46.05,103
Csv,3,org.apache.commons.csv.Lexer,60,97.58,0.0,97.58,0.0,0.0,0.0,71.06,101
Csv,11,org.apache.commons.csv.CSVParser,60,74.18,2.57,74.18,2.57,0.0,0.0,74.05,101
Csv,3,org.apache.commons.csv.Lexer,120,97.85,0.47,97.85,0.47,0.0,0.0,132.81,102
JacksonXml,4,com.fasterxml.jackson.dataformat.xml.ser.XmlSerializerProvider,120,59.68,2.87,59.68,2.87,0.0,0.0,155.25,103
Csv,4,org.apache.commons.csv.CSVParser,30,87.22,2.76,87.22,2.76,0.0,0.0,40.43,103
Csv,11,org.apache.commons.csv.CSVParser,120,74.3,2.25,74.3,2.25,0.0,0.0,138.41,102
JacksonXml,5,com.fasterxml.jackson.dataformat.xml.ser.XmlSerializerProvider,30,56.46,6.87,56.46,6.87,0.0,0.0,53.09,101
Csv,12,org.apache.commons.csv.CSVFormat,30,97.74,1.9,97.74,1.9,0.0,0.0,52.23,103
Csv,4,org.apache.commons.csv.CSVParser,60,87.73,0.0,87.73,0.0,0.0,0.0,71.05,101
JacksonXml,5,com.fasterxml.jackson.dataformat.xml.ser.XmlSerializerProvider,60,65.78,4.32,65.78,4.32,0.0,0.0,80.52,101
Csv,12,org.apache.commons.csv.CSVFormat,60,98.83,0.78,98.83,0.78,0.0,0.0,78.08,103
Csv,4,org.apache.commons.csv.CSVParser,120,87.73,0.0,87.73,0.0,0.0,0.0,130.56,101
Csv,5,org.apache.commons.csv.CSVPrinter,30,84.25,1.47,84.25,1.47,0.0,0.0,54.37,101
JacksonXml,5,com.fasterxml.jackson.dataformat.xml.ser.XmlSerializerProvider,120,66.18,1.25,66.18,1.25,0.0,0.0,144.28,101
Csv,12,org.apache.commons.csv.CSVFormat,120,98.14,2.22,98.14,2.22,0.0,0.0,136.91,101
JacksonXml,6,com.fasterxml.jackson.dataformat.xml.ser.ToXmlGenerator,30,46.18,7.42,46.18,7.42,0.0,0.0,59.68,101
Csv,13,org.apache.commons.csv.CSVFormat,30,97.4,1.03,97.4,1.03,0.0,0.0,51.84,103
Csv,5,org.apache.commons.csv.CSVPrinter,60,86.81,3.16,86.81,3.16,0.0,0.0,75.49,102
Csv,13,org.apache.commons.csv.CSVFormat,60,97.15,1.61,97.15,1.61,0.0,0.0,83.63,103
JacksonXml,6,com.fasterxml.jackson.dataformat.xml.ser.ToXmlGenerator,60,54.64,8.84,54.64,8.84,0.0,0.0,127.77,103
Csv,5,org.apache.commons.csv.CSVPrinter,120,89.62,1.96,89.62,1.96,0.0,0.0,140.94,102
Csv,6,org.apache.commons.csv.CSVRecord,30,96.86,0.0,96.86,0.0,0.0,0.0,40.92,101
Csv,13,org.apache.commons.csv.CSVFormat,120,96.66,1.85,96.66,1.85,0.0,0.0,141.46,103
Csv,6,org.apache.commons.csv.CSVRecord,60,96.86,0.0,96.86,0.0,0.0,0.0,71.46,101
Csv,13,org.apache.commons.csv.CSVPrinter,30,97.4,1.03,97.4,1.03,0.0,0.0,45.68,103
JacksonXml,6,com.fasterxml.jackson.dataformat.xml.ser.ToXmlGenerator,120,72.94,1.13,72.94,1.13,0.0,0.0,178.63,103
Csv,13,org.apache.commons.csv.CSVPrinter,60,97.15,1.61,97.15,1.61,0.0,0.0,74.48,103
Csv,6,org.apache.commons.csv.CSVRecord,120,96.86,0.0,96.86,0.0,0.0,0.0,130.29,101
Csv,7,org.apache.commons.csv.CSVParser,30,87.62,0.83,87.62,0.83,0.0,0.0,42.09,102
Csv,13,org.apache.commons.csv.CSVPrinter,120,96.66,1.85,96.66,1.85,0.0,0.0,143.68,103
Csv,7,org.apache.commons.csv.CSVParser,60,88.1,0.0,88.1,0.0,0.0,0.0,70.16,101
Csv,14,org.apache.commons.csv.CSVFormat,30,93.89,0.75,93.89,0.75,0.0,0.0,59.81,101
Csv,14,org.apache.commons.csv.CSVFormat,60,94.54,1.54,94.54,1.54,0.0,0.0,80.72,101
Csv,7,org.apache.commons.csv.CSVParser,120,88.1,0.0,88.1,0.0,0.0,0.0,129.82,101
Csv,8,org.apache.commons.csv.CSVFormat,30,96.68,2.1,96.68,2.1,0.0,0.0,47.13,103
Csv,8,org.apache.commons.csv.CSVFormat,60,99.3,0.17,99.3,0.17,0.0,0.0,78.51,102
Csv,14,org.apache.commons.csv.CSVFormat,120,95.4,1.92,95.4,1.92,0.0,0.0,149.87,101
Csv,15,org.apache.commons.csv.CSVFormat,30,93.52,1.87,93.52,1.87,0.0,0.0,67.76,103
Csv,8,org.apache.commons.csv.CSVFormat,120,99.4,0.0,99.4,0.0,0.0,0.0,137.95,101
Csv,15,org.apache.commons.csv.CSVFormat,60,95.45,2.13,95.45,2.13,0.0,0.0,93.12,102
Csv,15,org.apache.commons.csv.CSVFormat,120,94.11,2.15,94.11,2.15,0.0,0.0,151.55,102
Csv,16,org.apache.commons.csv.CSVParser,30,68.59,7.62,68.59,7.62,0.0,0.0,42.42,103
Csv,16,org.apache.commons.csv.CSVParser,60,76.82,1.21,76.82,1.21,0.0,0.0,102.24,102
Csv,16,org.apache.commons.csv.CSVParser,120,76.16,3.52,76.16,3.52,0.0,0.0,133.92,103
JacksonXml,4,com.fasterxml.jackson.dataformat.xml.ser.XmlSerializerProvider,60,53.46,3.34,53.46,3.34,0.0,0.0,103.87,102
Codec,1,org.apache.commons.codec.language.Caverphone,30,100.0,0.0,100.0,0.0,0.0,0.0,7.48,101
Codec,10,org.apache.commons.codec.language.Caverphone,30,100.0,0.0,100.0,0.0,0.0,0.0,7.45,101
Codec,1,org.apache.commons.codec.language.Caverphone,60,100.0,0.0,100.0,0.0,0.0,0.0,6.71,101
Codec,10,org.apache.commons.codec.language.Caverphone,60,100.0,0.0,100.0,0.0,0.0,0.0,6.56,101
Codec,1,org.apache.commons.codec.language.Caverphone,120,100.0,0.0,100.0,0.0,0.0,0.0,6.44,101
Codec,10,org.apache.commons.codec.language.Caverphone,120,100.0,0.0,100.0,0.0,0.0,0.0,6.95,101
Codec,11,org.apache.commons.codec.net.QuotedPrintableCodec,30,96.25,0.0,96.25,0.0,0.0,0.0,40.09,101
Codec,1,org.apache.commons.codec.language.Metaphone,30,100.0,0.0,100.0,0.0,0.0,0.0,43.93,101
Codec,11,org.apache.commons.codec.net.QuotedPrintableCodec,60,96.25,0.0,96.25,0.0,0.0,0.0,68.62,101
Codec,1,org.apache.commons.codec.language.Metaphone,60,100.0,0.0,100.0,0.0,0.0,0.0,73.87,101
Codec,11,org.apache.commons.codec.net.QuotedPrintableCodec,120,96.25,0.0,96.25,0.0,0.0,0.0,128.97,101
Codec,1,org.apache.commons.codec.language.Metaphone,120,100.0,0.0,100.0,0.0,0.0,0.0,134.57,101
Codec,12,org.apache.commons.codec.binary.BaseNCodecInputStream,30,90.82,6.92,90.82,6.92,0.0,0.0,41.86,101
Codec,1,org.apache.commons.codec.language.SoundexUtils,30,100.0,0.0,100.0,0.0,0.0,0.0,38.47,101
Codec,12,org.apache.commons.codec.binary.BaseNCodecInputStream,60,93.69,1.96,93.69,1.96,0.0,0.0,73.75,101
Codec,1,org.apache.commons.codec.language.SoundexUtils,60,100.0,0.0,100.0,0.0,0.0,0.0,69.61,101
Codec,1,org.apache.commons.codec.language.SoundexUtils,120,100.0,0.0,100.0,0.0,0.0,0.0,128.65,101
Codec,12,org.apache.commons.codec.binary.BaseNCodecInputStream,120,96.6,0.0,96.6,0.0,0.0,0.0,144.46,101
Codec,2,org.apache.commons.codec.binary.Base64,30,96.4,0.29,96.4,0.29,0.0,0.0,47.85,102
Codec,13,org.apache.commons.codec.binary.StringUtils,30,100.0,0.0,100.0,0.0,0.0,0.0,40.03,101
Codec,2,org.apache.commons.codec.binary.Base64,60,96.66,0.16,96.66,0.16,0.0,0.0,77.82,102
Codec,13,org.apache.commons.codec.binary.StringUtils,60,100.0,0.0,100.0,0.0,0.0,0.0,68.76,101
Codec,13,org.apache.commons.codec.binary.StringUtils,120,100.0,0.0,100.0,0.0,0.0,0.0,128.91,101
Codec,2,org.apache.commons.codec.binary.Base64,120,96.99,0.51,96.99,0.51,0.0,0.0,135.81,103
Codec,13,org.apache.commons.codec.language.DoubleMetaphone,30,100.0,0.0,100.0,0.0,0.0,0.0,61.68,101
Codec,3,org.apache.commons.codec.language.DoubleMetaphone,30,89.2,0.74,89.2,0.74,0.0,0.0,64.7,101
Codec,13,org.apache.commons.codec.language.DoubleMetaphone,60,100.0,0.0,100.0,0.0,0.0,0.0,90.73,101
Codec,3,org.apache.commons.codec.language.DoubleMetaphone,60,91.83,0.72,91.83,0.72,0.0,0.0,91.96,103
Codec,13,org.apache.commons.codec.language.DoubleMetaphone,120,100.0,0.0,100.0,0.0,0.0,0.0,152.1,101
Codec,3,org.apache.commons.codec.language.DoubleMetaphone,120,93.14,0.67,93.14,0.67,0.0,0.0,155.85,101
Codec,14,org.apache.commons.codec.language.bm.PhoneticEngine,30,18.14,0.0,18.14,0.0,0.0,0.0,40.14,101
Codec,4,org.apache.commons.codec.binary.Base64,30,98.91,0.16,98.91,0.16,0.0,0.0,47.6,103
Codec,14,org.apache.commons.codec.language.bm.PhoneticEngine,60,18.14,0.0,18.14,0.0,0.0,0.0,68.71,101
Codec,4,org.apache.commons.codec.binary.Base64,60,99.07,0.15,99.07,0.15,0.0,0.0,78.97,103
Codec,14,org.apache.commons.codec.language.bm.PhoneticEngine,120,18.14,0.0,18.14,0.0,0.0,0.0,128.25,101
Codec,14,org.apache.commons.codec.language.bm.Rule,30,18.14,0.0,18.14,0.0,0.0,0.0,4.73,101
Codec,14,org.apache.commons.codec.language.bm.Rule,60,18.14,0.0,18.14,0.0,0.0,0.0,4.45,101
Codec,14,org.apache.commons.codec.language.bm.Rule,120,18.14,0.0,18.14,0.0,0.0,0.0,4.78,101
Codec,14,src.main.resources.org.apache.commons.codec.language.bm.ash_lang.txt,30,18.14,0.0,18.14,0.0,0.0,0.0,3.18,101
Codec,4,org.apache.commons.codec.binary.Base64,120,99.24,0.0,99.24,0.0,0.0,0.0,136.14,101
Codec,14,src.main.resources.org.apache.commons.codec.language.bm.ash_lang.txt,60,18.14,0.0,18.14,0.0,0.0,0.0,3.08,101
Codec,14,src.main.resources.org.apache.commons.codec.language.bm.ash_lang.txt,120,18.14,0.0,18.14,0.0,0.0,0.0,3.4,101
Codec,15,org.apache.commons.codec.language.Soundex,30,98.81,0.0,98.81,0.0,0.0,0.0,40.45,101
Codec,5,org.apache.commons.codec.binary.Base64,30,98.9,0.39,98.9,0.39,0.0,0.0,96.11,103
Codec,15,org.apache.commons.codec.language.Soundex,60,98.81,0.0,98.81,0.0,0.0,0.0,69.34,101
Codec,15,org.apache.commons.codec.language.Soundex,120,98.81,0.0,98.81,0.0,0.0,0.0,132.72,101
Codec,16,org.apache.commons.codec.binary.Base32,30,100.0,0.0,100.0,0.0,0.0,0.0,44.21,101
Codec,5,org.apache.commons.codec.binary.Base64,120,99.15,0.15,99.15,0.15,0.0,0.0,136.79,101
Codec,16,org.apache.commons.codec.binary.Base32,60,100.0,0.0,100.0,0.0,0.0,0.0,72.52,101
Codec,6,org.apache.commons.codec.binary.Base64InputStream,30,94.32,4.43,94.32,4.43,0.0,0.0,42.88,101
Codec,6,org.apache.commons.codec.binary.Base64InputStream,60,98.96,1.8,98.96,1.8,0.0,0.0,72.31,101
Codec,16,org.apache.commons.codec.binary.Base32,120,100.0,0.0,100.0,0.0,0.0,0.0,132.26,101
Codec,17,org.apache.commons.codec.binary.StringUtils,30,100.0,0.0,100.0,0.0,0.0,0.0,41.83,101
Codec,6,org.apache.commons.codec.binary.Base64InputStream,120,98.96,1.8,98.96,1.8,0.0,0.0,132.82,101
Codec,17,org.apache.commons.codec.binary.StringUtils,60,100.0,0.0,100.0,0.0,0.0,0.0,69.39,101
Codec,7,org.apache.commons.codec.binary.Base64,30,98.84,0.14,98.84,0.14,0.0,0.0,48.4,103
Codec,7,org.apache.commons.codec.binary.Base64,60,99.0,0.25,99.0,0.25,0.0,0.0,76.91,103
Codec,17,org.apache.commons.codec.binary.StringUtils,120,100.0,0.0,100.0,0.0,0.0,0.0,129.68,101
Codec,18,org.apache.commons.codec.binary.StringUtils,30,100.0,0.0,100.0,0.0,0.0,0.0,45.04,101
Codec,18,org.apache.commons.codec.binary.StringUtils,60,100.0,0.0,100.0,0.0,0.0,0.0,70.76,101
Codec,13,org.apache.commons.codec.binary.CharSequenceUtils,30,100.0,0.0,100.0,0.0,0.0,0.0,2.49,101
Codec,13,org.apache.commons.codec.binary.CharSequenceUtils,60,100.0,0.0,100.0,0.0,0.0,0.0,2.51,101
Codec,13,org.apache.commons.codec.binary.CharSequenceUtils,120,100.0,0.0,100.0,0.0,0.0,0.0,2.46,101
Codec,14,org.apache.commons.codec.language.bm.Lang,30,18.14,0.0,18.14,0.0,0.0,0.0,3.86,101
Codec,14,org.apache.commons.codec.language.bm.Lang,60,18.14,0.0,18.14,0.0,0.0,0.0,3.89,101
Codec,14,org.apache.commons.codec.language.bm.Lang,120,18.14,0.0,18.14,0.0,0.0,0.0,3.68,101
Codec,5,org.apache.commons.codec.binary.Base64,60,99.15,0.29,99.15,0.29,0.0,0.0,75.91,103
Codec,18,org.apache.commons.codec.binary.StringUtils,120,100.0,0.0,100.0,0.0,0.0,0.0,129.92,101
Codec,8,org.apache.commons.codec.binary.Base64,30,96.07,1.02,96.07,1.02,0.0,0.0,44.25,103
Codec,8,org.apache.commons.codec.binary.Base64,60,97.29,0.14,97.29,0.14,0.0,0.0,74.14,103
Codec,8,org.apache.commons.codec.binary.Base64,120,97.37,0.28,97.37,0.28,0.0,0.0,139.95,102
Codec,8,org.apache.commons.codec.binary.Base64InputStream,30,96.07,1.02,96.07,1.02,0.0,0.0,40.63,103
Codec,8,org.apache.commons.codec.binary.Base64InputStream,60,97.29,0.14,97.29,0.14,0.0,0.0,70.61,103
Codec,8,org.apache.commons.codec.binary.Base64InputStream,120,97.37,0.28,97.37,0.28,0.0,0.0,135.57,102
Codec,9,org.apache.commons.codec.binary.Base64,30,95.71,0.0,95.71,0.0,0.0,0.0,43.05,101
Codec,9,org.apache.commons.codec.binary.Base64,60,96.11,0.75,96.11,0.75,0.0,0.0,74.58,103
Codec,9,org.apache.commons.codec.binary.Base64,120,96.14,0.14,96.14,0.14,0.0,0.0,134.85,101
Codec,7,org.apache.commons.codec.binary.Base64,120,99.0,0.25,99.0,0.25,0.0,0.0,134.97,101
Gson,1,com.google.gson.TypeInfoFactory,30,7.29,0.0,7.29,0.0,0.0,0.0,37.87,101
Gson,10,com.google.gson.internal.bind.ReflectiveTypeAdapterFactory,30,48.11,25.89,48.11,25.89,0.0,0.0,42.03,102
Gson,1,com.google.gson.TypeInfoFactory,60,7.29,0.0,7.29,0.0,0.0,0.0,67.02,101
Gson,10,com.google.gson.internal.bind.ReflectiveTypeAdapterFactory,60,46.32,24.05,46.32,24.05,0.0,0.0,71.52,101
Gson,1,com.google.gson.TypeInfoFactory,120,7.29,0.0,7.29,0.0,0.0,0.0,127.34,101
Gson,10,com.google.gson.internal.bind.ReflectiveTypeAdapterFactory,120,62.46,4.92,62.46,4.92,0.0,0.0,133.34,103
Gson,2,com.google.gson.internal.bind.TypeAdapters,30,18.37,7.81,18.37,7.81,0.0,0.0,45.05,101
Gson,11,com.google.gson.internal.bind.TypeAdapters,30,29.7,3.47,29.7,3.47,0.0,0.0,52.42,101
Gson,2,com.google.gson.internal.bind.TypeAdapters,60,29.94,0.98,29.94,0.98,0.0,0.0,79.78,102
Gson,11,com.google.gson.internal.bind.TypeAdapters,60,40.42,7.1,40.42,7.1,0.0,0.0,85.85,101
Gson,2,com.google.gson.internal.bind.TypeAdapters,120,39.49,3.36,39.49,3.36,0.0,0.0,139.82,101
Gson,11,com.google.gson.internal.bind.TypeAdapters,120,42.39,4.63,42.39,4.63,0.0,0.0,142.18,101
Gson,12,com.google.gson.internal.bind.JsonTreeReader,30,88.15,0.86,88.15,0.86,0.0,0.0,46.55,103
Gson,4,com.google.gson.stream.JsonReader,30,57.64,5.41,57.64,5.41,0.0,0.0,51.52,101
Gson,12,com.google.gson.internal.bind.JsonTreeReader,60,90.64,0.47,90.64,0.47,0.0,0.0,76.04,101
Gson,4,com.google.gson.stream.JsonReader,60,68.28,0.86,68.28,0.86,0.0,0.0,94.13,103
Gson,12,com.google.gson.internal.bind.JsonTreeReader,120,91.18,0.47,91.18,0.47,0.0,0.0,134.36,102
Gson,4,com.google.gson.stream.JsonReader,120,70.95,1.26,70.95,1.26,0.0,0.0,151.88,102
Gson,13,com.google.gson.stream.JsonReader,30,67.21,3.23,67.21,3.23,0.0,0.0,58.35,102
Gson,4,com.google.gson.stream.JsonWriter,30,57.64,5.41,57.64,5.41,0.0,0.0,41.91,101
Gson,13,com.google.gson.stream.JsonReader,60,74.38,1.62,74.38,1.62,0.0,0.0,89.59,101
Gson,4,com.google.gson.stream.JsonWriter,60,68.28,0.86,68.28,0.86,0.0,0.0,72.54,103
Gson,13,com.google.gson.stream.JsonReader,120,74.61,0.32,74.61,0.32,0.0,0.0,144.14,103
Gson,4,com.google.gson.stream.JsonWriter,120,70.95,1.26,70.95,1.26,0.0,0.0,134.33,102
Gson,5,com.google.gson.internal.bind.util.ISO8601Utils,30,78.9,5.75,78.9,5.75,0.0,0.0,45.16,103
Gson,15,com.google.gson.stream.JsonWriter,30,92.3,0.0,92.3,0.0,0.0,0.0,44.08,101
Gson,5,com.google.gson.internal.bind.util.ISO8601Utils,60,84.36,4.29,84.36,4.29,0.0,0.0,72.28,102
Gson,15,com.google.gson.stream.JsonWriter,60,92.3,0.0,92.3,0.0,0.0,0.0,71.6,101
Gson,5,com.google.gson.internal.bind.util.ISO8601Utils,120,84.92,1.66,84.92,1.66,0.0,0.0,133.97,102
Gson,15,com.google.gson.stream.JsonWriter,120,92.3,0.0,92.3,0.0,0.0,0.0,132.36,101
Gson,6,com.google.gson.internal.bind.JsonAdapterAnnotationTypeAdapterFactory,30,75.36,0.0,75.36,0.0,0.0,0.0,43.24,101
Gson,17,com.google.gson.DefaultDateTypeAdapter,30,61.39,2.11,61.39,2.11,0.0,0.0,40.22,101
Gson,6,com.google.gson.internal.bind.JsonAdapterAnnotationTypeAdapterFactory,60,75.36,0.0,75.36,0.0,0.0,0.0,69.89,101
Gson,17,com.google.gson.DefaultDateTypeAdapter,60,68.21,12.29,68.21,12.29,0.0,0.0,67.12,102
Gson,6,com.google.gson.internal.bind.JsonAdapterAnnotationTypeAdapterFactory,120,75.36,0.0,75.36,0.0,0.0,0.0,129.7,101
Gson,17,com.google.gson.DefaultDateTypeAdapter,120,81.82,2.32,81.82,2.32,0.0,0.0,128.9,101
Gson,7,com.google.gson.stream.JsonReader,30,65.63,0.56,65.63,0.56,0.0,0.0,58.33,102
Gson,7,com.google.gson.stream.JsonReader,60,72.11,0.67,72.11,0.67,0.0,0.0,91.51,101
Gson,7,com.google.gson.stream.JsonReader,120,75.76,0.35,75.76,0.35,0.0,0.0,134.54,101
Gson,9,com.google.gson.internal.bind.JsonTreeWriter,30,92.61,0.0,92.61,0.0,0.0,0.0,43.61,101
Gson,9,com.google.gson.internal.bind.JsonTreeWriter,60,92.61,0.0,92.61,0.0,0.0,0.0,72.1,101
Gson,9,com.google.gson.internal.bind.JsonTreeWriter,120,93.49,0.76,93.49,0.76,0.0,0.0,131.67,101
Gson,9,com.google.gson.internal.bind.TypeAdapters,30,92.61,0.0,92.61,0.0,0.0,0.0,46.66,101
Gson,9,com.google.gson.internal.bind.TypeAdapters,60,92.61,0.0,92.61,0.0,0.0,0.0,75.39,101
Gson,9,com.google.gson.internal.bind.TypeAdapters,120,93.49,0.76,93.49,0.76,0.0,0.0,144.25,101
Gson,9,com.google.gson.stream.JsonWriter,30,92.61,0.0,92.61,0.0,0.0,0.0,42.44,101
Gson,9,com.google.gson.stream.JsonWriter,60,92.61,0.0,92.61,0.0,0.0,0.0,72.98,101
Gson,9,com.google.gson.stream.JsonWriter,120,93.49,0.76,93.49,0.76,0.0,0.0,132.77,101
JxPath,1,org.apache.commons.jxpath.ri.model.dom.DOMNodePointer,30,72.94,1.43,72.94,1.43,0.0,0.0,79.65,102
JxPath,12,org.apache.commons.jxpath.ri.model.dom.DOMNodePointer,30,77.44,0.61,77.44,0.61,0.0,0.0,82.09,103
JxPath,12,org.apache.commons.jxpath.ri.model.dom.DOMNodePointer,60,78.04,1.2,78.04,1.2,0.0,0.0,81.36,101
JxPath,1,org.apache.commons.jxpath.ri.model.dom.DOMNodePointer,60,75.46,0.62,75.46,0.62,0.0,0.0,95.6,102
JxPath,12,org.apache.commons.jxpath.ri.model.dom.DOMNodePointer,120,80.79,0.32,80.79,0.32,0.0,0.0,156.4,101
JxPath,1,org.apache.commons.jxpath.ri.model.dom.DOMNodePointer,120,78.5,2.23,78.5,2.23,0.0,0.0,171.49,103
JxPath,13,org.apache.commons.jxpath.ri.NamespaceResolver,30,84.2,0.0,84.2,0.0,0.0,0.0,42.71,101
JxPath,1,org.apache.commons.jxpath.ri.model.jdom.JDOMNodePointer,30,72.94,1.43,72.94,1.43,0.0,0.0,70.36,102
JxPath,13,org.apache.commons.jxpath.ri.NamespaceResolver,60,84.2,0.0,84.2,0.0,0.0,0.0,71.76,101
JxPath,1,org.apache.commons.jxpath.ri.model.jdom.JDOMNodePointer,60,75.46,0.62,75.46,0.62,0.0,0.0,92.09,102
JxPath,13,org.apache.commons.jxpath.ri.NamespaceResolver,120,84.2,0.0,84.2,0.0,0.0,0.0,131.84,101
JxPath,13,org.apache.commons.jxpath.ri.model.dom.DOMNodePointer,30,84.2,0.0,84.2,0.0,0.0,0.0,80.42,101
JxPath,1,org.apache.commons.jxpath.ri.model.jdom.JDOMNodePointer,120,78.5,2.23,78.5,2.23,0.0,0.0,153.75,103
JxPath,2,org.apache.commons.jxpath.ri.compiler.Expression,30,93.71,5.15,93.71,5.15,0.0,0.0,43.83,103
JxPath,13,org.apache.commons.jxpath.ri.model.dom.DOMNodePointer,60,84.2,0.0,84.2,0.0,0.0,0.0,111.59,101
JxPath,2,org.apache.commons.jxpath.ri.compiler.Expression,60,93.23,4.69,93.23,4.69,0.0,0.0,71.99,102
JxPath,2,org.apache.commons.jxpath.ri.compiler.Expression,120,98.65,2.34,98.65,2.34,0.0,0.0,131.03,102
JxPath,13,org.apache.commons.jxpath.ri.model.dom.DOMNodePointer,120,84.2,0.0,84.2,0.0,0.0,0.0,159.19,101
JxPath,3,org.apache.commons.jxpath.ri.model.beans.NullPropertyPointer,30,91.23,1.12,91.23,1.12,0.0,0.0,58.04,101
JxPath,14,org.apache.commons.jxpath.ri.compiler.CoreFunction,30,74.23,2.74,74.23,2.74,0.0,0.0,76.22,102
JxPath,3,org.apache.commons.jxpath.ri.model.beans.NullPropertyPointer,60,92.48,1.03,92.48,1.03,0.0,0.0,88.18,102
JxPath,14,org.apache.commons.jxpath.ri.compiler.CoreFunction,60,80.15,0.78,80.15,0.78,0.0,0.0,95.08,103
JxPath,3,org.apache.commons.jxpath.ri.model.beans.NullPropertyPointer,120,93.67,0.0,93.67,0.0,0.0,0.0,147.27,101
JxPath,14,org.apache.commons.jxpath.ri.compiler.CoreFunction,120,87.87,1.71,87.87,1.71,0.0,0.0,158.13,103
JxPath,4,org.apache.commons.jxpath.ri.model.dom.DOMNodePointer,30,71.03,1.9,71.03,1.9,0.0,0.0,51.02,102
JxPath,15,org.apache.commons.jxpath.ri.axes.UnionContext,30,100.0,0.0,100.0,0.0,0.0,0.0,42.2,101
JxPath,15,org.apache.commons.jxpath.ri.axes.UnionContext,60,100.0,0.0,100.0,0.0,0.0,0.0,70.65,101
JxPath,4,org.apache.commons.jxpath.ri.model.dom.DOMNodePointer,60,77.1,0.68,77.1,0.68,0.0,0.0,114.33,103
JxPath,15,org.apache.commons.jxpath.ri.axes.UnionContext,120,100.0,0.0,100.0,0.0,0.0,0.0,130.55,101
JxPath,4,org.apache.commons.jxpath.ri.model.dom.DOMNodePointer,120,80.42,1.67,80.42,1.67,0.0,0.0,156.51,101
JxPath,16,org.apache.commons.jxpath.ri.model.dom.DOMNodePointer,30,77.71,0.94,77.71,0.94,0.0,0.0,66.96,101
JxPath,4,org.apache.commons.jxpath.ri.model.jdom.JDOMNodePointer,30,71.03,1.9,71.03,1.9,0.0,0.0,69.54,102
JxPath,16,org.apache.commons.jxpath.ri.model.dom.DOMNodePointer,60,78.7,1.61,78.7,1.61,0.0,0.0,100.96,101
JxPath,4,org.apache.commons.jxpath.ri.model.jdom.JDOMNodePointer,60,77.1,0.68,77.1,0.68,0.0,0.0,92.88,103
JxPath,16,org.apache.commons.jxpath.ri.model.dom.DOMNodePointer,120,82.29,2.51,82.29,2.51,0.0,0.0,161.54,103
JxPath,4,org.apache.commons.jxpath.ri.model.jdom.JDOMNodePointer,120,80.42,1.67,80.42,1.67,0.0,0.0,165.3,101
JxPath,16,org.apache.commons.jxpath.ri.model.jdom.JDOMNodePointer,30,77.71,0.94,77.71,0.94,0.0,0.0,68.16,101
JxPath,5,org.apache.commons.jxpath.ri.model.NodePointer,30,80.33,1.09,80.33,1.09,0.0,0.0,53.72,102
JxPath,5,org.apache.commons.jxpath.ri.model.NodePointer,60,80.94,1.34,80.94,1.34,0.0,0.0,85.4,102
JxPath,16,org.apache.commons.jxpath.ri.model.jdom.JDOMNodePointer,60,78.7,1.61,78.7,1.61,0.0,0.0,109.7,101
JxPath,5,org.apache.commons.jxpath.ri.model.NodePointer,120,82.67,0.16,82.67,0.16,0.0,0.0,144.26,102
JxPath,16,org.apache.commons.jxpath.ri.model.jdom.JDOMNodePointer,120,82.29,2.51,82.29,2.51,0.0,0.0,153.92,103
JxPath,6,org.apache.commons.jxpath.ri.compiler.CoreOperationCompare,30,90.04,2.13,90.04,2.13,0.0,0.0,45.76,101
JxPath,17,org.apache.commons.jxpath.ri.model.dom.DOMAttributeIterator,30,74.85,20.35,74.85,20.35,0.0,0.0,44.92,101
JxPath,6,org.apache.commons.jxpath.ri.compiler.CoreOperationCompare,60,90.04,3.57,90.04,3.57,0.0,0.0,75.54,102
JxPath,17,org.apache.commons.jxpath.ri.model.dom.DOMAttributeIterator,60,87.02,3.22,87.02,3.22,0.0,0.0,74.0,103
JxPath,6,org.apache.commons.jxpath.ri.compiler.CoreOperationCompare,120,90.2,3.92,90.2,3.92,0.0,0.0,135.45,102
JxPath,17,org.apache.commons.jxpath.ri.model.dom.DOMAttributeIterator,120,93.69,2.62,93.69,2.62,0.0,0.0,135.07,103
JxPath,7,org.apache.commons.jxpath.ri.compiler.CoreOperationGreaterThan,30,91.67,0.0,91.67,0.0,0.0,0.0,41.52,101
JxPath,17,org.apache.commons.jxpath.ri.model.jdom.JDOMAttributeIterator,30,74.85,20.35,74.85,20.35,0.0,0.0,42.53,101
JxPath,7,org.apache.commons.jxpath.ri.compiler.CoreOperationGreaterThan,60,91.67,0.0,91.67,0.0,0.0,0.0,69.68,101
JxPath,17,org.apache.commons.jxpath.ri.model.jdom.JDOMAttributeIterator,60,87.02,3.22,87.02,3.22,0.0,0.0,70.85,103
JxPath,7,org.apache.commons.jxpath.ri.compiler.CoreOperationGreaterThan,120,91.67,0.0,91.67,0.0,0.0,0.0,130.1,101
JxPath,17,org.apache.commons.jxpath.ri.model.jdom.JDOMAttributeIterator,120,93.69,2.62,93.69,2.62,0.0,0.0,132.22,103
JxPath,7,org.apache.commons.jxpath.ri.compiler.CoreOperationGreaterThanOrEqual,30,91.67,0.0,91.67,0.0,0.0,0.0,40.39,101
JxPath,18,org.apache.commons.jxpath.ri.axes.AttributeContext,30,93.78,5.39,93.78,5.39,0.0,0.0,41.97,101
JxPath,7,org.apache.commons.jxpath.ri.compiler.CoreOperationGreaterThanOrEqual,60,91.67,0.0,91.67,0.0,0.0,0.0,71.53,101
JxPath,18,org.apache.commons.jxpath.ri.axes.AttributeContext,60,100.0,0.0,100.0,0.0,0.0,0.0,72.4,101
JxPath,7,org.apache.commons.jxpath.ri.compiler.CoreOperationGreaterThanOrEqual,120,91.67,0.0,91.67,0.0,0.0,0.0,130.6,101
JxPath,18,org.apache.commons.jxpath.ri.axes.AttributeContext,120,96.89,5.39,96.89,5.39,0.0,0.0,131.22,101
JxPath,7,org.apache.commons.jxpath.ri.compiler.CoreOperationLessThan,30,91.67,0.0,91.67,0.0,0.0,0.0,40.39,101
JxPath,19,org.apache.commons.jxpath.ri.model.dom.DOMNodePointer,30,76.44,0.73,76.44,0.73,0.0,0.0,71.0,102
JxPath,7,org.apache.commons.jxpath.ri.compiler.CoreOperationLessThan,60,91.67,0.0,91.67,0.0,0.0,0.0,69.43,101
JxPath,19,org.apache.commons.jxpath.ri.model.dom.DOMNodePointer,60,79.55,1.04,79.55,1.04,0.0,0.0,100.19,103
JxPath,7,org.apache.commons.jxpath.ri.compiler.CoreOperationLessThan,120,91.67,0.0,91.67,0.0,0.0,0.0,130.01,101
JxPath,7,org.apache.commons.jxpath.ri.compiler.CoreOperationLessThanOrEqual,30,91.67,0.0,91.67,0.0,0.0,0.0,40.06,101
JxPath,19,org.apache.commons.jxpath.ri.model.dom.DOMNodePointer,120,81.08,1.38,81.08,1.38,0.0,0.0,150.01,102
JxPath,7,org.apache.commons.jxpath.ri.compiler.CoreOperationLessThanOrEqual,60,91.67,0.0,91.67,0.0,0.0,0.0,70.26,101
JxPath,19,org.apache.commons.jxpath.ri.model.jdom.JDOMNodePointer,30,76.44,0.73,76.44,0.73,0.0,0.0,63.39,102
JxPath,7,org.apache.commons.jxpath.ri.compiler.CoreOperationLessThanOrEqual,120,91.67,0.0,91.67,0.0,0.0,0.0,130.06,101
JxPath,7,org.apache.commons.jxpath.ri.compiler.CoreOperationRelationalExpression,30,91.67,0.0,91.67,0.0,0.0,0.0,19.19,101
JxPath,19,org.apache.commons.jxpath.ri.model.jdom.JDOMNodePointer,60,79.55,1.04,79.55,1.04,0.0,0.0,92.47,103
JxPath,7,org.apache.commons.jxpath.ri.compiler.CoreOperationRelationalExpression,60,91.67,0.0,91.67,0.0,0.0,0.0,29.6,101
JxPath,7,org.apache.commons.jxpath.ri.compiler.CoreOperationRelationalExpression,120,91.67,0.0,91.67,0.0,0.0,0.0,48.63,101
JxPath,8,org.apache.commons.jxpath.ri.compiler.CoreOperationRelationalExpression,30,64.33,14.82,64.33,14.82,0.0,0.0,41.27,101
JxPath,19,org.apache.commons.jxpath.ri.model.jdom.JDOMNodePointer,120,81.08,1.38,81.08,1.38,0.0,0.0,154.49,102
JxPath,8,org.apache.commons.jxpath.ri.compiler.CoreOperationRelationalExpression,60,71.99,6.26,71.99,6.26,0.0,0.0,71.02,102
JxPath,20,org.apache.commons.jxpath.ri.compiler.CoreOperationRelationalExpression,30,76.76,2.15,76.76,2.15,0.0,0.0,43.89,102
JxPath,20,org.apache.commons.jxpath.ri.compiler.CoreOperationRelationalExpression,60,83.28,12.51,83.28,12.51,0.0,0.0,71.83,102
JxPath,8,org.apache.commons.jxpath.ri.compiler.CoreOperationRelationalExpression,120,75.6,0.0,75.6,0.0,0.0,0.0,130.9,101
JxPath,9,org.apache.commons.jxpath.ri.compiler.CoreOperationCompare,30,90.23,1.76,90.23,1.76,0.0,0.0,46.58,102
JxPath,20,org.apache.commons.jxpath.ri.compiler.CoreOperationRelationalExpression,120,79.2,4.38,79.2,4.38,0.0,0.0,132.12,101
JxPath,9,org.apache.commons.jxpath.ri.compiler.CoreOperationCompare,60,91.61,0.77,91.61,0.77,0.0,0.0,76.4,101
JxPath,21,org.apache.commons.jxpath.ri.model.beans.PropertyPointer,30,67.87,2.34,67.87,2.34,0.0,0.0,47.15,103
JxPath,21,org.apache.commons.jxpath.ri.model.beans.PropertyPointer,60,70.29,2.01,70.29,2.01,0.0,0.0,73.68,103
JxPath,9,org.apache.commons.jxpath.ri.compiler.CoreOperationCompare,120,91.61,0.0,91.61,0.0,0.0,0.0,133.62,101
JxPath,9,org.apache.commons.jxpath.ri.compiler.CoreOperationEqual,30,90.23,1.76,90.23,1.76,0.0,0.0,38.51,102
JxPath,21,org.apache.commons.jxpath.ri.model.beans.PropertyPointer,120,70.85,1.58,70.85,1.58,0.0,0.0,133.14,101
JxPath,9,org.apache.commons.jxpath.ri.compiler.CoreOperationEqual,60,91.61,0.77,91.61,0.77,0.0,0.0,67.9,101
JxPath,22,org.apache.commons.jxpath.ri.model.dom.DOMNodePointer,30,75.25,4.99,75.25,4.99,0.0,0.0,67.03,102
JxPath,9,org.apache.commons.jxpath.ri.compiler.CoreOperationEqual,120,91.61,0.0,91.61,0.0,0.0,0.0,128.04,101
JxPath,22,org.apache.commons.jxpath.ri.model.dom.DOMNodePointer,60,78.56,2.28,78.56,2.28,0.0,0.0,91.94,102
JxPath,9,org.apache.commons.jxpath.ri.compiler.CoreOperationNotEqual,30,90.23,1.76,90.23,1.76,0.0,0.0,27.71,102
JxPath,9,org.apache.commons.jxpath.ri.compiler.CoreOperationNotEqual,60,91.61,0.77,91.61,0.77,0.0,0.0,47.54,101
JxPath,22,org.apache.commons.jxpath.ri.model.dom.DOMNodePointer,120,81.95,0.88,81.95,0.88,0.0,0.0,154.57,102
JxPath,9,org.apache.commons.jxpath.ri.compiler.CoreOperationNotEqual,120,91.61,0.0,91.61,0.0,0.0,0.0,87.58,101
JxPath,10,org.apache.commons.jxpath.ri.compiler.CoreOperationRelationalExpression,30,71.05,17.28,71.05,17.28,0.0,0.0,39.45,103
JxPath,10,org.apache.commons.jxpath.ri.compiler.CoreOperationRelationalExpression,60,78.0,0.0,78.0,0.0,0.0,0.0,68.86,101
JxPath,10,org.apache.commons.jxpath.ri.compiler.CoreOperationRelationalExpression,120,87.78,8.81,87.78,8.81,0.0,0.0,129.32,103
JxPath,11,org.apache.commons.jxpath.ri.model.dom.DOMAttributeIterator,30,78.64,12.27,78.64,12.27,0.0,0.0,41.14,101
JxPath,11,org.apache.commons.jxpath.ri.model.dom.DOMAttributeIterator,60,90.15,1.34,90.15,1.34,0.0,0.0,70.8,102
JxPath,11,org.apache.commons.jxpath.ri.model.dom.DOMAttributeIterator,120,94.35,2.45,94.35,2.45,0.0,0.0,131.47,102
JxPath,11,org.apache.commons.jxpath.ri.model.jdom.JDOMAttributeIterator,30,78.64,12.27,78.64,12.27,0.0,0.0,38.67,101
JxPath,11,org.apache.commons.jxpath.ri.model.jdom.JDOMAttributeIterator,60,90.15,1.34,90.15,1.34,0.0,0.0,69.79,102
JxPath,11,org.apache.commons.jxpath.ri.model.jdom.JDOMAttributeIterator,120,94.35,2.45,94.35,2.45,0.0,0.0,129.45,102
Chart,1,org.jfree.chart.renderer.category.AbstractCategoryItemRenderer,30,53.94,1.9,53.94,1.9,0.0,0.0,85.27,101
Chart,14,org.jfree.chart.plot.CategoryPlot,30,71.19,4.44,71.19,4.44,0.0,0.0,100.18,102
Chart,1,org.jfree.chart.renderer.category.AbstractCategoryItemRenderer,60,54.81,1.67,54.81,1.67,0.0,0.0,115.12,103
Chart,14,org.jfree.chart.plot.CategoryPlot,60,77.6,0.9,77.6,0.9,0.0,0.0,158.44,101
Chart,1,org.jfree.chart.renderer.category.AbstractCategoryItemRenderer,120,58.83,2.05,58.83,2.05,0.0,0.0,169.43,101
Chart,2,org.jfree.data.general.DatasetUtilities,30,81.46,0.74,81.46,0.74,0.0,0.0,56.29,103
Chart,14,org.jfree.chart.plot.CategoryPlot,120,81.2,2.07,81.2,2.07,0.0,0.0,167.58,102
Chart,2,org.jfree.data.general.DatasetUtilities,60,83.25,0.81,83.25,0.81,0.0,0.0,96.61,101
Chart,14,org.jfree.chart.plot.XYPlot,30,71.19,4.44,71.19,4.44,0.0,0.0,103.4,102
Chart,14,org.jfree.chart.plot.XYPlot,60,77.6,0.9,77.6,0.9,0.0,0.0,104.3,101
Chart,2,org.jfree.data.general.DatasetUtilities,120,88.98,1.57,88.98,1.57,0.0,0.0,157.48,101
Chart,3,org.jfree.data.time.TimeSeries,30,88.62,0.55,88.62,0.55,0.0,0.0,59.93,103
Chart,3,org.jfree.data.time.TimeSeries,60,91.83,1.87,91.83,1.87,0.0,0.0,86.91,101
Chart,14,org.jfree.chart.plot.XYPlot,120,81.2,2.07,81.2,2.07,0.0,0.0,218.33,102
Chart,15,org.jfree.chart.plot.PiePlot,30,61.68,6.94,61.68,6.94,0.0,0.0,102.59,102
Chart,3,org.jfree.data.time.TimeSeries,120,96.61,1.04,96.61,1.04,0.0,0.0,141.87,103
Chart,4,org.jfree.chart.plot.XYPlot,30,54.81,7.14,54.81,7.14,0.0,0.0,105.83,102
Chart,15,org.jfree.chart.plot.PiePlot,60,65.13,6.53,65.13,6.53,0.0,0.0,134.48,103
Chart,4,org.jfree.chart.plot.XYPlot,60,61.94,2.25,61.94,2.25,0.0,0.0,166.03,101
Chart,15,org.jfree.chart.plot.PiePlot,120,68.54,7.54,68.54,7.54,0.0,0.0,199.76,103
Chart,16,org.jfree.data.category.DefaultIntervalCategoryDataset,30,94.74,1.67,94.74,1.67,0.0,0.0,57.99,102
Chart,4,org.jfree.chart.plot.XYPlot,120,69.13,1.28,69.13,1.28,0.0,0.0,132.86,101
Chart,5,org.jfree.data.xy.XYSeries,30,98.58,0.45,98.58,0.45,0.0,0.0,51.25,102
Chart,16,org.jfree.data.category.DefaultIntervalCategoryDataset,60,95.2,2.06,95.2,2.06,0.0,0.0,87.04,102
Chart,5,org.jfree.data.xy.XYSeries,60,98.32,0.9,98.32,0.9,0.0,0.0,72.79,102
Chart,16,org.jfree.data.category.DefaultIntervalCategoryDataset,120,97.9,0.36,97.9,0.36,0.0,0.0,145.57,101
Chart,17,org.jfree.data.time.TimeSeries,30,91.49,0.54,91.49,0.54,0.0,0.0,48.45,101
Chart,5,org.jfree.data.xy.XYSeries,120,98.84,0.0,98.84,0.0,0.0,0.0,133.51,101
Chart,6,org.jfree.chart.util.ShapeList,30,47.16,0.0,47.16,0.0,0.0,0.0,45.43,101
Chart,17,org.jfree.data.time.TimeSeries,60,93.33,1.42,93.33,1.42,0.0,0.0,87.25,103
Chart,6,org.jfree.chart.util.ShapeList,60,47.16,0.0,47.16,0.0,0.0,0.0,69.39,101
Chart,17,org.jfree.data.time.TimeSeries,120,93.89,1.17,93.89,1.17,0.0,0.0,142.01,101
Chart,6,org.jfree.chart.util.ShapeList,120,47.16,0.0,47.16,0.0,0.0,0.0,128.25,101
Chart,18,org.jfree.data.DefaultKeyedValues,30,98.0,0.0,98.0,0.0,0.0,0.0,45.55,101
Chart,7,org.jfree.data.time.TimePeriodValues,30,98.05,2.29,98.05,2.29,0.0,0.0,52.32,101
Chart,18,org.jfree.data.DefaultKeyedValues,60,98.4,0.7,98.4,0.7,0.0,0.0,74.78,103
Chart,7,org.jfree.data.time.TimePeriodValues,60,99.37,0.0,99.37,0.0,0.0,0.0,80.32,101
Chart,18,org.jfree.data.DefaultKeyedValues,120,99.21,0.0,99.21,0.0,0.0,0.0,132.56,101
Chart,7,org.jfree.data.time.TimePeriodValues,120,99.37,0.0,99.37,0.0,0.0,0.0,138.48,101
Chart,18,org.jfree.data.DefaultKeyedValues2D,30,98.0,0.0,98.0,0.0,0.0,0.0,40.97,101
Chart,8,org.jfree.data.time.Week,30,89.06,0.53,89.06,0.53,0.0,0.0,59.35,103
Chart,18,org.jfree.data.DefaultKeyedValues2D,60,98.4,0.7,98.4,0.7,0.0,0.0,73.09,103
Chart,8,org.jfree.data.time.Week,60,89.97,0.53,89.97,0.53,0.0,0.0,84.89,101
Chart,18,org.jfree.data.DefaultKeyedValues2D,120,99.21,0.0,99.21,0.0,0.0,0.0,133.78,101
Chart,8,org.jfree.data.time.Week,120,89.97,0.53,89.97,0.53,0.0,0.0,144.62,101
Chart,19,org.jfree.chart.plot.CategoryPlot,30,69.96,8.14,69.96,8.14,0.0,0.0,102.55,102
Chart,9,org.jfree.data.time.TimeSeries,30,93.22,1.43,93.22,1.43,0.0,0.0,56.64,101
Chart,9,org.jfree.data.time.TimeSeries,60,94.17,1.67,94.17,1.67,0.0,0.0,84.42,102
Chart,19,org.jfree.chart.plot.CategoryPlot,60,74.74,3.53,74.74,3.53,0.0,0.0,130.57,101
Chart,9,org.jfree.data.time.TimeSeries,120,93.61,2.06,93.61,2.06,0.0,0.0,142.09,102
Chart,10,org.jfree.chart.imagemap.StandardToolTipTagFragmentGenerator,30,100.0,0.0,100.0,0.0,0.0,0.0,10.49,101
Chart,10,org.jfree.chart.imagemap.StandardToolTipTagFragmentGenerator,60,100.0,0.0,100.0,0.0,0.0,0.0,5.87,101
Chart,10,org.jfree.chart.imagemap.StandardToolTipTagFragmentGenerator,120,100.0,0.0,100.0,0.0,0.0,0.0,6.03,101
Chart,19,org.jfree.chart.plot.CategoryPlot,120,79.25,0.75,79.25,0.75,0.0,0.0,189.25,102
Chart,11,org.jfree.chart.util.ShapeUtilities,30,92.96,3.42,92.96,3.42,0.0,0.0,53.69,102
Chart,20,org.jfree.chart.plot.ValueMarker,30,93.88,0.0,93.88,0.0,0.0,0.0,49.63,101
Chart,11,org.jfree.chart.util.ShapeUtilities,60,96.44,0.0,96.44,0.0,0.0,0.0,84.41,101
Chart,20,org.jfree.chart.plot.ValueMarker,60,93.88,0.0,93.88,0.0,0.0,0.0,78.51,101
Chart,11,org.jfree.chart.util.ShapeUtilities,120,96.44,0.0,96.44,0.0,0.0,0.0,138.17,101
Chart,20,org.jfree.chart.plot.ValueMarker,120,93.88,0.0,93.88,0.0,0.0,0.0,146.6,101
Chart,12,org.jfree.chart.plot.MultiplePiePlot,30,81.94,15.22,81.94,15.22,0.0,0.0,58.13,103
Chart,21,org.jfree.data.statistics.DefaultBoxAndWhiskerCategoryDataset,30,80.6,3.95,80.6,3.95,0.0,0.0,57.9,102
Chart,12,org.jfree.chart.plot.MultiplePiePlot,60,78.8,13.16,78.8,13.16,0.0,0.0,91.34,102
Chart,21,org.jfree.data.statistics.DefaultBoxAndWhiskerCategoryDataset,60,88.41,5.91,88.41,5.91,0.0,0.0,84.35,102
Chart,12,org.jfree.chart.plot.MultiplePiePlot,120,83.25,17.27,83.25,17.27,0.0,0.0,149.6,102
Chart,21,org.jfree.data.statistics.DefaultBoxAndWhiskerCategoryDataset,120,98.29,1.96,98.29,1.96,0.0,0.0,139.52,102
Chart,13,org.jfree.chart.block.BorderArrangement,30,90.45,9.87,90.45,9.87,0.0,0.0,49.32,101
Chart,22,org.jfree.data.KeyedObjects2D,30,94.22,1.1,94.22,1.1,0.0,0.0,44.21,103
Chart,13,org.jfree.chart.block.BorderArrangement,60,95.42,2.91,95.42,2.91,0.0,0.0,76.96,101
Chart,22,org.jfree.data.KeyedObjects2D,60,94.95,0.64,94.95,0.64,0.0,0.0,71.75,101
Chart,13,org.jfree.chart.block.BorderArrangement,120,96.52,1.07,96.52,1.07,0.0,0.0,137.29,101
Chart,22,org.jfree.data.KeyedObjects2D,120,94.95,0.64,94.95,0.64,0.0,0.0,132.2,101
Chart,23,org.jfree.chart.renderer.category.MinMaxCategoryRenderer,30,43.85,9.53,43.85,9.53,0.0,0.0,56.94,102
Chart,23,org.jfree.chart.renderer.category.MinMaxCategoryRenderer,60,40.5,0.54,40.5,0.54,0.0,0.0,84.5,102
Chart,23,org.jfree.chart.renderer.category.MinMaxCategoryRenderer,120,41.0,1.96,41.0,1.96,0.0,0.0,141.97,102
Chart,24,org.jfree.chart.renderer.GrayPaintScale,30,100.0,0.0,100.0,0.0,0.0,0.0,41.79,101
Chart,24,org.jfree.chart.renderer.GrayPaintScale,60,100.0,0.0,100.0,0.0,0.0,0.0,68.22,101
Chart,24,org.jfree.chart.renderer.GrayPaintScale,120,100.0,0.0,100.0,0.0,0.0,0.0,128.21,101
Chart,25,org.jfree.chart.renderer.category.StatisticalBarRenderer,30,23.32,0.0,23.32,0.0,0.0,0.0,53.98,101
Chart,25,org.jfree.chart.renderer.category.StatisticalBarRenderer,60,23.04,0.49,23.04,0.49,0.0,0.0,78.76,101
Chart,25,org.jfree.chart.renderer.category.StatisticalBarRenderer,120,23.32,0.0,23.32,0.0,0.0,0.0,137.79,101
Chart,26,org.jfree.chart.axis.Axis,30,75.11,4.6,75.11,4.6,0.0,0.0,64.75,103
Chart,26,org.jfree.chart.axis.Axis,60,84.12,1.65,84.12,1.65,0.0,0.0,107.97,103
Chart,26,org.jfree.chart.axis.Axis,120,85.76,5.16,85.76,5.16,0.0,0.0,167.25,102
JacksonCore,1,com.fasterxml.jackson.core.io.NumberInput,30,93.55,2.26,93.55,2.26,0.0,0.0,46.01,102
JacksonCore,1,com.fasterxml.jackson.core.io.NumberInput,60,95.69,0.95,95.69,0.95,0.0,0.0,76.69,103
JacksonCore,1,com.fasterxml.jackson.core.io.NumberInput,120,97.2,0.42,97.2,0.42,0.0,0.0,136.63,102
JacksonCore,15,com.fasterxml.jackson.core.filter.FilteringParserDelegate,30,40.24,10.26,40.24,10.26,0.0,0.0,58.94,101
JacksonCore,1,com.fasterxml.jackson.core.util.TextBuffer,30,93.55,2.26,93.55,2.26,0.0,0.0,51.75,102
JacksonCore,1,com.fasterxml.jackson.core.util.TextBuffer,60,95.69,0.95,95.69,0.95,0.0,0.0,84.65,103
JacksonCore,15,com.fasterxml.jackson.core.filter.FilteringParserDelegate,60,50.12,7.86,50.12,7.86,0.0,0.0,91.83,102
JacksonCore,1,com.fasterxml.jackson.core.util.TextBuffer,120,97.2,0.42,97.2,0.42,0.0,0.0,144.29,102
JacksonCore,15,com.fasterxml.jackson.core.filter.FilteringParserDelegate,120,53.13,11.29,53.13,11.29,0.0,0.0,150.52,103
JacksonCore,16,com.fasterxml.jackson.core.util.JsonParserSequence,30,97.22,1.21,97.22,1.21,0.0,0.0,44.16,102
JacksonCore,2,com.fasterxml.jackson.core.json.ReaderBasedJsonParser,30,49.09,2.37,49.09,2.37,0.0,0.0,66.37,101
JacksonCore,16,com.fasterxml.jackson.core.util.JsonParserSequence,60,97.22,1.21,97.22,1.21,0.0,0.0,71.58,101
JacksonCore,2,com.fasterxml.jackson.core.json.ReaderBasedJsonParser,60,56.7,1.63,56.7,1.63,0.0,0.0,96.51,101
JacksonCore,16,com.fasterxml.jackson.core.util.JsonParserSequence,120,99.31,1.2,99.31,1.2,0.0,0.0,132.52,101
JacksonCore,2,com.fasterxml.jackson.core.json.ReaderBasedJsonParser,120,59.93,1.61,59.93,1.61,0.0,0.0,162.15,101
JacksonCore,17,com.fasterxml.jackson.core.json.UTF8JsonGenerator,30,44.36,11.86,44.36,11.86,0.0,0.0,110.94,101
JacksonCore,2,com.fasterxml.jackson.core.json.UTF8StreamJsonParser,30,49.09,2.37,49.09,2.37,0.0,0.0,68.87,101
JacksonCore,2,com.fasterxml.jackson.core.json.UTF8StreamJsonParser,60,56.7,1.63,56.7,1.63,0.0,0.0,83.34,101
JacksonCore,17,com.fasterxml.jackson.core.json.UTF8JsonGenerator,60,60.94,4.28,60.94,4.28,0.0,0.0,128.15,103
JacksonCore,2,com.fasterxml.jackson.core.json.UTF8StreamJsonParser,120,59.93,1.61,59.93,1.61,0.0,0.0,158.2,101
JacksonCore,3,com.fasterxml.jackson.core.json.UTF8StreamJsonParser,30,14.33,1.23,14.33,1.23,0.0,0.0,50.14,103
JacksonCore,18,com.fasterxml.jackson.core.base.GeneratorBase,30,73.91,1.75,73.91,1.75,0.0,0.0,49.84,102
JacksonCore,18,com.fasterxml.jackson.core.base.GeneratorBase,60,65.85,17.66,65.85,17.66,0.0,0.0,73.75,102
JacksonCore,3,com.fasterxml.jackson.core.json.UTF8StreamJsonParser,60,13.51,0.84,13.51,0.84,0.0,0.0,137.16,103
JacksonCore,3,com.fasterxml.jackson.core.json.UTF8StreamJsonParser,120,21.19,6.41,21.19,6.41,0.0,0.0,186.24,103
JacksonCore,4,com.fasterxml.jackson.core.util.TextBuffer,30,96.59,1.23,96.59,1.23,0.0,0.0,53.27,102
JacksonCore,18,com.fasterxml.jackson.core.json.UTF8JsonGenerator,30,73.91,1.75,73.91,1.75,0.0,0.0,119.03,102
JacksonCore,18,com.fasterxml.jackson.core.json.UTF8JsonGenerator,60,65.85,17.66,65.85,17.66,0.0,0.0,68.52,102
JacksonCore,4,com.fasterxml.jackson.core.util.TextBuffer,60,98.62,0.74,98.62,0.74,0.0,0.0,89.38,103
JacksonCore,4,com.fasterxml.jackson.core.util.TextBuffer,120,98.07,0.64,98.07,0.64,0.0,0.0,141.53,103
JacksonCore,18,com.fasterxml.jackson.core.json.UTF8JsonGenerator,120,74.25,7.46,74.25,7.46,0.0,0.0,159.8,101
JacksonCore,5,com.fasterxml.jackson.core.JsonPointer,30,94.02,0.0,94.02,0.0,0.0,0.0,44.29,101
JacksonCore,18,com.fasterxml.jackson.core.json.WriterBasedJsonGenerator,30,73.91,1.75,73.91,1.75,0.0,0.0,73.89,102
JacksonCore,5,com.fasterxml.jackson.core.JsonPointer,60,94.02,0.0,94.02,0.0,0.0,0.0,71.87,101
JacksonCore,18,com.fasterxml.jackson.core.json.WriterBasedJsonGenerator,60,65.85,17.66,65.85,17.66,0.0,0.0,138.85,102
JacksonCore,5,com.fasterxml.jackson.core.JsonPointer,120,94.9,0.76,94.9,0.76,0.0,0.0,135.11,101
JacksonCore,6,com.fasterxml.jackson.core.JsonPointer,30,94.02,0.0,94.02,0.0,0.0,0.0,43.62,101
JacksonCore,6,com.fasterxml.jackson.core.JsonPointer,60,95.34,0.0,95.34,0.0,0.0,0.0,71.64,101
JacksonCore,18,com.fasterxml.jackson.core.json.WriterBasedJsonGenerator,120,74.25,7.46,74.25,7.46,0.0,0.0,160.69,101
JacksonCore,19,com.fasterxml.jackson.core.json.ReaderBasedJsonParser,30,39.75,2.8,39.75,2.8,0.0,0.0,89.65,102
JacksonCore,6,com.fasterxml.jackson.core.JsonPointer,120,95.34,0.0,95.34,0.0,0.0,0.0,132.04,101
JacksonCore,7,com.fasterxml.jackson.core.json.JsonWriteContext,30,99.21,0.69,99.21,0.69,0.0,0.0,44.43,102
JacksonCore,19,com.fasterxml.jackson.core.json.ReaderBasedJsonParser,60,45.17,0.54,45.17,0.54,0.0,0.0,105.7,103
JacksonCore,7,com.fasterxml.jackson.core.json.JsonWriteContext,60,100.0,0.0,100.0,0.0,0.0,0.0,74.07,101
JacksonCore,19,com.fasterxml.jackson.core.json.ReaderBasedJsonParser,120,52.6,3.22,52.6,3.22,0.0,0.0,150.56,101
JacksonCore,7,com.fasterxml.jackson.core.json.JsonWriteContext,120,100.0,0.0,100.0,0.0,0.0,0.0,133.55,101
JacksonCore,8,com.fasterxml.jackson.core.util.TextBuffer,30,97.1,0.47,97.1,0.47,0.0,0.0,54.73,101
JacksonCore,19,com.fasterxml.jackson.core.json.UTF8StreamJsonParser,30,39.75,2.8,39.75,2.8,0.0,0.0,103.31,102
JacksonCore,19,com.fasterxml.jackson.core.json.UTF8StreamJsonParser,60,45.17,0.54,45.17,0.54,0.0,0.0,114.0,103
JacksonCore,8,com.fasterxml.jackson.core.util.TextBuffer,120,98.54,0.41,98.54,0.41,0.0,0.0,139.59,102
JacksonCore,9,com.fasterxml.jackson.core.base.ParserMinimalBase,30,33.93,8.37,33.93,8.37,0.0,0.0,47.89,102
JacksonCore,19,com.fasterxml.jackson.core.json.UTF8StreamJsonParser,120,52.6,3.22,52.6,3.22,0.0,0.0,181.13,101
JacksonCore,20,com.fasterxml.jackson.core.JsonGenerator,30,49.44,2.61,49.44,2.61,0.0,0.0,54.22,103
JacksonCore,9,com.fasterxml.jackson.core.base.ParserMinimalBase,60,31.03,1.4,31.03,1.4,0.0,0.0,78.43,102
JacksonCore,20,com.fasterxml.jackson.core.JsonGenerator,60,55.09,2.44,55.09,2.44,0.0,0.0,84.03,102
JacksonCore,9,com.fasterxml.jackson.core.base.ParserMinimalBase,120,37.66,8.74,37.66,8.74,0.0,0.0,138.71,102
JacksonCore,9,com.fasterxml.jackson.core.json.ReaderBasedJsonParser,30,33.93,8.37,33.93,8.37,0.0,0.0,102.17,102
JacksonCore,21,com.fasterxml.jackson.core.filter.FilteringParserDelegate,30,31.09,5.62,31.09,5.62,0.0,0.0,100.22,101
JacksonCore,9,com.fasterxml.jackson.core.json.ReaderBasedJsonParser,60,31.03,1.4,31.03,1.4,0.0,0.0,188.44,102
JacksonCore,21,com.fasterxml.jackson.core.filter.FilteringParserDelegate,60,43.11,8.76,43.11,8.76,0.0,0.0,120.17,102
JacksonCore,9,com.fasterxml.jackson.core.json.ReaderBasedJsonParser,120,37.66,8.74,37.66,8.74,0.0,0.0,150.3,102
JacksonCore,9,com.fasterxml.jackson.core.json.UTF8StreamJsonParser,30,33.93,8.37,33.93,8.37,0.0,0.0,44.29,102
JacksonCore,21,com.fasterxml.jackson.core.filter.FilteringParserDelegate,120,57.87,2.31,57.87,2.31,0.0,0.0,151.24,102
JacksonCore,22,com.fasterxml.jackson.core.filter.FilteringParserDelegate,30,32.92,11.02,32.92,11.02,0.0,0.0,59.34,103
JacksonCore,9,com.fasterxml.jackson.core.json.UTF8StreamJsonParser,60,31.03,1.4,31.03,1.4,0.0,0.0,136.21,102
JacksonCore,22,com.fasterxml.jackson.core.filter.FilteringParserDelegate,60,44.45,7.32,44.45,7.32,0.0,0.0,87.36,102
JacksonCore,9,com.fasterxml.jackson.core.json.UTF8StreamJsonParser,120,37.66,8.74,37.66,8.74,0.0,0.0,156.96,102
JacksonCore,22,com.fasterxml.jackson.core.filter.FilteringParserDelegate,120,50.55,9.77,50.55,9.77,0.0,0.0,151.61,101
JacksonCore,10,com.fasterxml.jackson.core.sym.ByteQuadsCanonicalizer,30,68.08,4.49,68.08,4.49,0.0,0.0,55.99,103
JacksonCore,10,com.fasterxml.jackson.core.sym.ByteQuadsCanonicalizer,60,72.16,9.05,72.16,9.05,0.0,0.0,94.52,101
JacksonCore,10,com.fasterxml.jackson.core.sym.ByteQuadsCanonicalizer,120,86.08,0.35,86.08,0.35,0.0,0.0,133.9,101
JacksonCore,11,com.fasterxml.jackson.core.sym.ByteQuadsCanonicalizer,30,73.44,2.11,73.44,2.11,0.0,0.0,49.81,102
JacksonCore,24,com.fasterxml.jackson.core.base.ParserBase,30,13.13,8.18,13.13,8.18,0.0,0.0,47.21,102
JacksonCore,11,com.fasterxml.jackson.core.sym.ByteQuadsCanonicalizer,60,77.87,6.59,77.87,6.59,0.0,0.0,76.43,101
JacksonCore,24,com.fasterxml.jackson.core.base.ParserBase,60,21.96,2.72,21.96,2.72,0.0,0.0,76.95,102
JacksonCore,11,com.fasterxml.jackson.core.sym.ByteQuadsCanonicalizer,120,86.12,2.31,86.12,2.31,0.0,0.0,139.06,101
JacksonCore,12,com.fasterxml.jackson.core.json.ReaderBasedJsonParser,30,42.82,0.71,42.82,0.71,0.0,0.0,52.19,102
JacksonCore,24,com.fasterxml.jackson.core.base.ParserBase,120,26.61,3.63,26.61,3.63,0.0,0.0,139.79,102
JacksonCore,24,com.fasterxml.jackson.core.base.ParserMinimalBase,30,13.13,8.18,13.13,8.18,0.0,0.0,45.85,102
JacksonCore,12,com.fasterxml.jackson.core.json.ReaderBasedJsonParser,60,48.72,2.35,48.72,2.35,0.0,0.0,84.02,103
JacksonCore,24,com.fasterxml.jackson.core.base.ParserMinimalBase,60,21.96,2.72,21.96,2.72,0.0,0.0,79.4,102
JacksonCore,12,com.fasterxml.jackson.core.json.ReaderBasedJsonParser,120,53.42,1.06,53.42,1.06,0.0,0.0,145.46,102
JacksonCore,24,com.fasterxml.jackson.core.base.ParserMinimalBase,120,26.61,3.63,26.61,3.63,0.0,0.0,137.46,102
JacksonCore,12,com.fasterxml.jackson.core.json.UTF8StreamJsonParser,30,42.82,0.71,42.82,0.71,0.0,0.0,50.9,102
JacksonCore,25,com.fasterxml.jackson.core.json.ReaderBasedJsonParser,30,41.61,1.75,41.61,1.75,0.0,0.0,74.56,103
JacksonCore,14,com.fasterxml.jackson.core.io.IOContext,30,100.0,0.0,100.0,0.0,0.0,0.0,41.1,101
JacksonCore,8,com.fasterxml.jackson.core.util.TextBuffer,60,97.35,1.53,97.35,1.53,0.0,0.0,72.89,101
JacksonCore,12,com.fasterxml.jackson.core.json.UTF8StreamJsonParser,60,48.72,2.35,48.72,2.35,0.0,0.0,79.92,103
JacksonCore,12,com.fasterxml.jackson.core.json.UTF8StreamJsonParser,120,53.42,1.06,53.42,1.06,0.0,0.0,152.82,102
JacksonCore,13,com.fasterxml.jackson.core.json.JsonGeneratorImpl,30,93.85,2.66,93.85,2.66,0.0,0.0,40.77,101
JacksonCore,17,com.fasterxml.jackson.core.json.UTF8JsonGenerator,120,61.46,3.68,61.46,3.68,0.0,0.0,167.3,103
JacksonCore,13,com.fasterxml.jackson.core.json.JsonGeneratorImpl,60,95.39,0.0,95.39,0.0,0.0,0.0,69.45,101
JacksonCore,18,com.fasterxml.jackson.core.base.GeneratorBase,120,74.25,7.46,74.25,7.46,0.0,0.0,136.96,101
JacksonCore,20,com.fasterxml.jackson.core.JsonGenerator,120,56.05,0.72,56.05,0.72,0.0,0.0,143.68,102
JacksonCore,25,com.fasterxml.jackson.core.json.ReaderBasedJsonParser,60,46.27,1.42,46.27,1.42,0.0,0.0,89.68,102
JacksonCore,25,com.fasterxml.jackson.core.json.ReaderBasedJsonParser,120,53.07,1.22,53.07,1.22,0.0,0.0,179.86,102
JacksonCore,26,com.fasterxml.jackson.core.json.async.NonBlockingJsonParser,30,21.37,1.83,21.37,1.83,0.0,0.0,57.44,101
JacksonCore,26,com.fasterxml.jackson.core.json.async.NonBlockingJsonParser,60,28.34,1.01,28.34,1.01,0.0,0.0,89.82,103
JacksonCore,26,com.fasterxml.jackson.core.json.async.NonBlockingJsonParser,120,32.81,1.39,32.81,1.39,0.0,0.0,126.27,103
JacksonCore,14,com.fasterxml.jackson.core.io.IOContext,60,100.0,0.0,100.0,0.0,0.0,0.0,70.69,101
JacksonCore,13,com.fasterxml.jackson.core.json.JsonGeneratorImpl,120,95.39,0.0,95.39,0.0,0.0,0.0,131.91,101
